{"loss":{"0":3.3005766869,"1":3.2156364918,"2":3.296391964},"lr":{"0":0.0099999998,"1":0.0099999998,"2":0.0099999998}}